{
  "project_info": {
    "project_number": "772870661088",
    "firebase_url": "https://cameraapi-aad8b.firebaseio.com",
    "project_id": "cameraapi-aad8b",
    "storage_bucket": "cameraapi-aad8b.appspot.com"
  },
  "client": [
    {
      "client_info": {
        "mobilesdk_app_id": "1:772870661088:android:4a33502f561fa7bc2f0185",
        "android_client_info": {
          "package_name": "com.example.cameraapi"
        }
      },
      "oauth_client": [
        {
          "client_id": "772870661088-0bhno8p0r375planpah24mcvtt4thnu1.apps.googleusercontent.com",
          "client_type": 1,
          "android_info": {
            "package_name": "com.example.cameraapi",
            "certificate_hash": "5b3709fe1d2e638c9f4c795d3197a1bb5ead7219"
          }
        },
        {
          "client_id": "772870661088-u9kn3jqu71rnu40hmpe7s9vbo86p9e88.apps.googleusercontent.com",
          "client_type": 3
        }
      ],
      "api_key": [
        {
          "current_key": "AIzaSyDZlgw_wJdS6IkMUiA1429Nb7CvdXg-DcI"
        }
      ],
      "services": {
        "appinvite_service": {
          "other_platform_oauth_client": [
            {
              "client_id": "772870661088-u9kn3jqu71rnu40hmpe7s9vbo86p9e88.apps.googleusercontent.com",
              "client_type": 3
            }
          ]
        }
      }
    },
    {
      "client_info": {
        "mobilesdk_app_id": "1:772870661088:android:979495e406f3569f2f0185",
        "android_client_info": {
          "package_name": "com.example.storagefirebase"
        }
      },
      "oauth_client": [
        {
          "client_id": "772870661088-24ndnshhh1q02mhnlau5c7920ce8tnir.apps.googleusercontent.com",
          "client_type": 1,
          "android_info": {
            "package_name": "com.example.storagefirebase",
            "certificate_hash": "5b3709fe1d2e638c9f4c795d3197a1bb5ead7219"
          }
        },
        {
          "client_id": "772870661088-u9kn3jqu71rnu40hmpe7s9vbo86p9e88.apps.googleusercontent.com",
          "client_type": 3
        }
      ],
      "api_key": [
        {
          "current_key": "AIzaSyDZlgw_wJdS6IkMUiA1429Nb7CvdXg-DcI"
        }
      ],
      "services": {
        "appinvite_service": {
          "other_platform_oauth_client": [
            {
              "client_id": "772870661088-u9kn3jqu71rnu40hmpe7s9vbo86p9e88.apps.googleusercontent.com",
              "client_type": 3
            }
          ]
        }
      }
    }
  ],
  "configuration_version": "1"
}